Long_Name,Short_Name
Hw_UCRN-2001469-Megaceros_flagellaris;Hw_UCRN-2001470-Megaceros_flagellaris.f,Hw_UCRN-2001469|2001470-Megaceros_flagellaris.f
Hw_TCBC-2009198-Nothoceros_vincentianus;Hw_TCBC-2009199-Nothoceros_vincentianus;Hw_TCBC-2009200-Nothoceros_vincentianus,Hw_TCBC-2009198|2009199|2009200-Nothoceros_vincentianus
Hw_ANON-2004213-Leiosporoceros_dussii;Hw_ANON-2004214-Leiosporoceros_dussii,Hw_ANON-2004213|2004214-Leiosporoceros_dussii
